{
  "numerical_means": {
    "pub_avg_opens": 7033.166637846764,
    "pub_std_opens": 1840.7435796476623,
    "pub_ctr_mean": 0.0054028819100041415,
    "pub_placement_count": 26.730094716941696,
    "tfidf_ai": 0.06599782036740738,
    "tfidf_arts": 0.017014349444981744,
    "tfidf_automotive": 0.004879096591097903,
    "tfidf_b2b": 0.051939331019143255,
    "tfidf_books": 0.008350987286981564,
    "tfidf_business": 0.08104728668679669,
    "tfidf_careers": 0.05229854189892275,
    "tfidf_computing": 0.06881754346232889,
    "tfidf_crypto": 0.04919571186977006,
    "tfidf_design": 0.017104022440066032,
    "tfidf_drink": 0.00859119834254013,
    "tfidf_ecommerce": 0.031028024737459074,
    "tfidf_education": 0.04510087952828405,
    "tfidf_engineering": 0.02363519121035483,
    "tfidf_enterainment": 0.017014349444981744,
    "tfidf_estate": 0.01350651801181586,
    "tfidf_family": 0.010376760287768598,
    "tfidf_fashion": 0.008186192298726571,
    "tfidf_finance": 0.0440588803140534,
    "tfidf_fitness": 0.019039646925377095,
    "tfidf_food": 0.00859119834254013,
    "tfidf_garden": 0.01032270964153515,
    "tfidf_government": 0.016508871594941923,
    "tfidf_health": 0.019039646925377095,
    "tfidf_hobbies": 0.021807602002470786,
    "tfidf_home": 0.01032270964153515,
    "tfidf_hr": 0.01548317819924878,
    "tfidf_interests": 0.021807602002470786,
    "tfidf_law": 0.016508871594941923,
    "tfidf_machines": 0.02363519121035483,
    "tfidf_marketing": 0.039378409223572115,
    "tfidf_news": 0.020064582992438084,
    "tfidf_parenting": 0.010376760287768598,
    "tfidf_personal": 0.0440588803140534,
    "tfidf_pets": 0.0067158086614398085,
    "tfidf_politics": 0.016508871594941923,
    "tfidf_real": 0.01350651801181586,
    "tfidf_religion": 0.013634638377211348,
    "tfidf_sales": 0.02964740089877078,
    "tfidf_science": 0.018744909934942433,
    "tfidf_shopping": 0.00795138860440145,
    "tfidf_society": 0.016508294638098175,
    "tfidf_spirituality": 0.013634638377211348,
    "tfidf_sports": 0.032232990665596886,
    "tfidf_startups": 0.06916507560405352,
    "tfidf_style": 0.008186192298726571,
    "tfidf_technology": 0.06881754346232889,
    "tfidf_travel": 0.015465167470289148,
    "tfidf_writing": 0.02075202104618494
  },
  "categorical_modes": {}
}